Section,Name,Website URL,Contact Info,Revamp Status
Competition,Absolute Value,https://absvalue.org/,,
Competition,Albania Mathematical Olympiad,https://www.ama.org.al,nacosotir@gmail.com,
Competition,AMATYC Mathematics Competition,http://www.amatyc.org/,,
Competition,AMC / AIME / USAMO (MAA),https://maa.org/student-programs/amc/,amchq@maa.org,
Competition,APMO (Asian Pacific Mathematical Olympiad),https://www.apmo-official.org/,,
Competition,Archimedean Challenge,http://euclidlab.org/programs/archmidean-challenge/,,
Competition,Argentina Mathematical Olympiad (OMA),http://www.oma.org.ar/,fauringpatricia@gmail.com,
Competition,ARML (American Regions Mathematics League),http://www.arml3.com/,,
Competition,Armenia Mathematical Olympiad,http://www.olymp.am,asatryangurgen21@gmail.com,
Competition,Australia Mathematics Trust (AMT),http://www.amt.edu.au/,ben.kirk@amt.edu.au,
Competition,Austria Mathematical Olympiad (OEMO),https://www.oemo.at,theresia.eisenkoelbl@univie.ac.at,
Competition,Balkan Mathematical Olympiad,,,
Competition,Baltic Way,,,
Competition,Bangladesh Mathematical Olympiad,http://www.matholympiad.org.bd/,where.is.mahbub@gmail.com,
Competition,Beestar Math Competition,https://www.beestar.org/,,
Competition,Belgium Mathematical Olympiad (VWO),https://www.vwo.be/vwo/belgianmatholympiads,bart.windels@telenet.be,
Competition,Bolivia Mathematical Olympiad (OMATBOL),https://www.omatbol.org,soniacordero3r@gmail.com,
Competition,Botswana Mathematical Olympiad,https://mabtrust.co.bw/,mlekhutlile@gmail.com,
Competition,Brazil Mathematical Olympiad (OBM),http://www.obm.org.br/,edmilsonlrm@gmail.com,
Competition,Bulgaria Mathematical Olympiad,http://www.math.bas.bg,emilkol@gmail.com,
Competition,Burkina Faso Mathematical Olympiad,https://cmathburkina.org,antoniokambire@gmail.com,
Competition,Cameroon Mathematical Olympiad,https://olympiad.cm/,imocmr@gmail.com,
Competition,Canada Mathematical Olympiad (CMS),https://cms.math.ca/competitions/cmo/,imo@cms.math.ca,
Competition,Chile Mathematical Olympiad,http://www.olimpiadadematematica.cl/,hernan.burgos@ufrontera.cl,
Competition,CML (Continental Mathematics League),https://www.cmleague.com/,,
Competition,Colombia Mathematical Olympiad,http://oc.uan.edu.co,mariadelosada@gmail.com,
Competition,Competify Hub Championships,https://competifyhub.com/compete/,,
Competition,Costa Rica Mathematical Olympiad (OLCOMA),http://olcoma.ac.cr/,olcoma@ucr.ac.cr,
Competition,Croatia Mathematical Competitions,http://www.matematika.hr/index.php/natjecanja/,mbasic@math.hr,
Competition,Cyprus Mathematical Society,http://www.cms.org.cy,makrides.g@eaecnet.com,
Competition,Czech Republic Mathematical Olympiad,http://www.matematickaolympiada.cz/,pavel.calabek@upol.cz,
Competition,Denmark Georg Mohr Contest,http://www.georgmohr.dk/,kr@georgmohr.dk,
Competition,Ecuador Mathematical Olympiad (OMEC),https://omec-mat.org/,info@omec-mat.org,
Competition,El Salvador Mathematical Olympiad,https://www.jovenestalento.edu.sv/,riquelmi.cardona@jovenestalento.edu.sv,
Competition,Estonia Mathematical Olympiad,http://www.math.olympiaadid.ut.ee/,oleg.koshik@ut.ee,
Competition,Finland Mathematical Contest,http://matematiikkakilpailut.fi/,anne-maria.ernvall-hytonen@helsinki.fi,
Competition,France Animath,http://www.animath.fr/,vincent.juge@animath.fr,
Competition,Germany Mathematical Competitions,https://www.mathe-wettbewerbe.de/,uwe.leck@uni-flensburg.de,
Competition,Ghana Mathematics Society (MISE),http://www.misemaths.org,admin@misemaths.org,
Competition,Greece Hellenic Mathematical Society,http://www.hms.gr,info@hms.gr,
Competition,Hardest Math Problem Student Contest,https://www.hardestmathproblem.org/,,
Competition,Iceland Mathematical Competition,http://stae.is/stak/keppnin,mart1thor@gmail.com,
Competition,IMC (International Mathematics Competition),http://www.imc-math.org.uk/,,
Competition,IMC-IMPEA,http://www.imc-impea.org/,,
Competition,IMO (International Mathematical Olympiad),https://www.imo-official.org/,,
Competition,India Mathematical Olympiad (HBCSE),http://olympiads.hbcse.tifr.res.in/subjects/mathematics,nc_matholy@hbcse.tifr.res.in,
Competition,Indonesia Mathematical Olympiad (TOMI),http://www.tomi.or.id,aleamsbarra@gmail.com,
Competition,inteGIRLS,https://integirls.org/,,
Competition,Iran Mathematical Olympiad,http://www.mathysc.ir,alipartofard@ipm.ir,
Competition,Ireland Mathematical Olympiad (IRMO),http://www.irmo.ie,bernd.kreussler@mic.ul.ie,
Competition,Israel Gillis Mathematical Olympiad,http://www.weizmann.ac.il/zemed/gillis,levr78@hotmail.com,
Competition,Italy Mathematical Olympiad,http://olimpiadi.dm.unibo.it/,massimo.gobbino@unipi.it,
Competition,Japan Mathematical Olympiad,http://www.imojp.org,info@imojp.org,
Competition,Kenya Mathematical Olympiad (KKMO),http://kkmo-official.com,jkatende@uonbi.ac.ke,
Competition,Kosovo Mathematical Society,http://www.kms-ks.org,shoqata.matematikaneve@gmail.com,
Competition,Latvia Mathematical Olympiad,http://nms.lu.lv,nms@lu.lv,
Competition,Liechtenstein Mathematical Olympiad,https://mathematical.olympiad.ch/en/,a.maret@mathematical.olympiad.ch,
Competition,Lithuania Mathematical Olympiad,https://mif.vu.lt/matematikos-olimpiados/,aivaras.novikas@mif.vu.lt,
Competition,M3 Challenge (SIAM),http://m3challenge.siam.org/,,
Competition,Malaysia Mathematical Olympiad,https://imo-malaysia.org/,contact@imo-malaysia.org,
Competition,Math Kangaroo,http://www.mathkangaroo.org/,,
Competition,Math League,http://mathleague.com/,,
Competition,Math Madness,https://www.aretelabs.com/math_madness/about,,
Competition,Math Prize for Girls,https://mathprize.atfoundation.org/,,
Competition,MATHCOUNTS,https://www.mathcounts.org/,,
Competition,MathCON,https://www.mathcon.org/,,
Competition,mathleague.org,http://www.mathleague.org/,,
Competition,Mauritania Mathematical Olympiad,https://maurimath.net/Olympiades.php,horma04@yahoo.fr,
Competition,Mexico Mathematical Olympiad (OMM),http://www.ommenlinea.org,mgrussell@uas.edu.mx,
Competition,Modeling the Future Challenge,https://www.mtfchallenge.org/,,
Competition,MOEMS (Mathematical Olympiads for Elementary and Middle Schools),http://www.moems.org/,,
Competition,Mongolia Mathematical Olympiad,http://www.mmo.mn,otogo@mmoc.mn,
Competition,Mu Alpha Theta,https://mualphatheta.org/,,
Competition,Mustang Math,https://mustangmath.com/,,
Competition,Namibia Mathematical Olympiad,https://nmo.ncrst.na/,mmugochi@unam.na,
Competition,National Internet Math Olympiad,http://internetolympiad.org/,,
Competition,Nepal Mathematical Olympiad,https://www.mathassociationnepal.org.np/,binod@kusoed.edu.np,
Competition,Netherlands Mathematical Olympiad,http://wiskundeolympiade.nl/,olympiade@wiskundeolympiade.nl,
Competition,New Zealand Mathematical Olympiad,https://www.mathsolympiad.org.nz,info@mathsolympiad.org.nz,
Competition,Nicaragua Mathematical Olympiad,http://www.asjtnic.org/,hankchuus@yahoo.com,
Competition,Nigeria Mathematical Centre,http://www.nmcabuja.org,p.mebine@yahoo.com,
Competition,Noetic Learning Math Contest,http://www.noetic-learning.com/,,
Competition,Nordic Mathematical Contest,,,
Competition,North Macedonia Mathematical Olympiad,https://smm.org.mk/,gorgi.markoski@gmail.com,
Competition,Norway Abel Competition,https://www.abelkonkurransen.no,dag.wessel-berg@ntnu.no,
Competition,Online MathChamps,,,
Competition,OYMC (Online Youth Mathematics Competition),http://oymcofficial.org/,,
Competition,Palestine Mathematical Olympiad,https://moe.edu.ps/,imo.palestine@moe.edu.ps,
Competition,Panama Mathematical Olympiad (OPM),http://www.opm.org.pa/,pmarrone@opm.org.pa,
Competition,Paraguay Mathematical Olympiad (OMAPA),http://www.omapa.org.py,gabriela@omapa.org.py,
Competition,Perennial Math,http://www.perennialmath.com/,,
Competition,Peru Mathematical Olympiad,https://selectivos-peru.blogspot.com/,olimpiadas.matematicas@pucp.pe,
Competition,Philippines Mathematical Olympiad (PMO),https://pmo.ph,hgshi@up.edu.ph,
Competition,Pi Math Contest,https://pimathcontest.com/,,
Competition,Poland Mathematical Olympiad,http://om.sem.edu.pl/,t.ciesla@mimuw.edu.pl,
Competition,Portugal Mathematical Olympiad (SPM),http://www.spm.pt/olimpiadas,jteles@mat.uc.pt,
Competition,Puerto Rico Mathematical Olympiad,http://om.pr,luis.caceres1@upr.edu,
Competition,Purple Comet Math Meet,http://purplecomet.org/,,
Competition,Putnam Competition (MAA),https://www.maa.org/math-competitions/putnam-competition,,
Competition,Romania Mathematical Olympiad,http://rms.unibuc.ro,catalinliviu.gherghe@gmail.com,
Competition,RSM Foundation Math Contest,https://contest.rsmfoundation.org/,,
Competition,Russia Mathematical Olympiad,http://math.rosolymp.ru/,imo.russia@gmail.com,
Competition,Rwanda Mathematical Olympiad,https://rwandamatholympiad.com,shan.arun@gmail.com,
Competition,Saudi Arabia (Mawhiba) Mathematical Olympiad,https://www.mawhiba.org,sultan.albarakati@kaust.edu.sa,
Competition,SEAMO (Southeast Asian Mathematics Olympiad),https://www.seamo-official.org/,,
Competition,Serbia Mathematical Society,https://dms.rs/,kmiljan@matf.bg.ac.rs,
Competition,SIGMA,https://sigmamath.org/,,
Competition,SIMIODE SCUDEM,https://simiode.org/scudem,,
Competition,Singapore Mathematical Society,http://sms.math.nus.edu.sg/,matsys@nus.edu.sg,
Competition,Slovakia Mathematical Olympiad,http://skmo.sk,stanislav.krajci@upjs.sk,
Competition,Slovenia Mathematical Olympiad,http://www.dmfa.si/,gregor.dolinar@fe.uni-lj.si,
Competition,South Africa Mathematical Foundation (SAMF),http://www.samf.ac.za,bakerbakura@gmail.com,
Competition,South Korea Mathematical Olympiad (KMO),https://www.kmo.or.kr,kmo@kms.or.kr,
Competition,Spain Mathematical Olympiad (RSME),https://www.rsme.es/olimpiada-matematica-espanola,mgaspar@ucm.es,
Competition,Sri Lanka Mathematical Olympiad,http://www.slmathsolympiad.org/,chanakya_wijeratne@yahoo.com,
Competition,Sweden Mathematical Competition,http://www.mattetavling.se,jana@chalmers.se,
Competition,Switzerland Mathematical Olympiad,https://mathematical.olympiad.ch/en/,a.maret@mathematical.olympiad.ch,
Competition,Syria Mathematical Olympiad,https://dca-net.org/,dca.olympiad@gmail.com,
Competition,Taiwan Mathematical Olympiad (TPMSO),https://tpmso.org/tmo/,yclinpa@gmail.com,
Competition,Turkey Mathematical Olympiad (TUBITAK),https://bilimolimpiyatlari.tubitak.gov.tr/tr,kerimov@fen.bilkent.edu.tr,
Competition,UAE Masterminds Math Competition,http://competitions.ae/masterminds/,masterminds@moe.gov.ae,
Competition,Uganda Mathematical Society,https://ums.ug/,ssebulibaa@gmail.com,
Competition,UK Mathematical Trust (UKMT / BMO),https://bmos.ukmt.org.uk/,geoffsmith1729@gmail.com,
Competition,Ukraine Mathematical Olympiad,http://matholymp.com.ua/,rublyovbv@gmail.com,
Competition,Uruguay Mathematical Olympiad,https://com-partidauruguay.weebly.com/,lacompartida@gmail.com,
Competition,USAMTS (USA Mathematical Talent Search),http://www.usamts.org/,,
Competition,Uzbekistan Mathematical Olympiad,http://olympiad.uzedu.uz,info@olympcenter.uz,
Competition,Venezuela Mathematical Olympiad (ACMVEN),https://www.acmven.org,lamonedar@gmail.com,
Competition,Virginia Tech Regional Math Contest,http://www.math.vt.edu/,,
Competition,Who Wants to Be a Mathematician (AMS),http://www.ams.org/programs/students/wwtbam/qualify,,
Competition,WMC (World Mathematics Championship),https://www.worldmathchampionship.com/,,
Summer Program,A* Summer Math Camp (AlphaStar),https://www.alphastar.academy/,,
Summer Program,All Girls / All Math (UNL),https://www.math.unl.edu/programs/agam/,,
Summer Program,AoPS Academy,https://aopsacademy.org/,,
Summer Program,Areteem Institute,https://www.areteem.org/,,
Summer Program,AwesomeMath,https://www.awesomemath.org/,,
Summer Program,Bard CAMP,https://www.bardmathcircle.org/camp,,
Summer Program,Canada/USA Mathcamp,https://www.mathcamp.org/,,
Summer Program,Campersand,https://campersand.org/,,
Summer Program,COSMOS (California),https://cosmos-ucop.ucdavis.edu/,,
Summer Program,CTY (Johns Hopkins Center for Talented Youth),https://cty.jhu.edu/,,
Summer Program,CyberMath Academy,https://www.cybermathacademy.com/,,
Summer Program,Data Detectives (CDC),http://www.cdc.gov/nchs/data-detectives-camp/,,
Summer Program,Epsilon Camp,https://www.epsiloncamp.org/,,
Summer Program,ESP (Educational Studies Program at MIT),https://esp.mit.edu/,,
Summer Program,Euler Circle,https://eulercircle.com/,,
Summer Program,Everaise Academy,https://www.everaise.org/,,
Summer Program,FABRIC / ESPR / PAIR / WARP (Europe),https://espr.camp/,,
Summer Program,Girls Rock Math,https://www.girlsrockmathematics.com/,,
Summer Program,HCSSiM (Hampshire College Summer Studies in Mathematics),https://www.hcssim.org/,,
Summer Program,IDEA Math,https://ideamath.education/,,
Summer Program,LSU Math Circle,http://www.mathcircle.us/summer,,
Summer Program,Math in the Mountains,https://www.mathmountains.org/,,
Summer Program,Math Mentorship (University of Toronto),https://mathplus.math.utoronto.ca/home/mentorship/,,
Summer Program,Math-M-Addicts,https://www.mathmaddicts.org/,,
Summer Program,MathILy,https://www.mathily.org/,,
Summer Program,MathPath,https://www.mathpath.org/,,
Summer Program,Michigan MMSS (Math & Science Scholars),https://lsa.umich.edu/math/undergraduates/extracurricular-activities/mmss.html,,
Summer Program,MITES / MOSTEC (MIT),https://mites.mit.edu/,,
Summer Program,Monsoon Math,https://www.monsoonmath.org/,,
Summer Program,MOSP (Mathematical Olympiad Summer Program),https://maa.org/,,
Summer Program,National Math Camps (Conway / Sierpinski),https://nationalmathcamps.org/,,
Summer Program,New York Math Circle Summer,https://www.nymathcircle.org/summer,,
Summer Program,Paquin Institute of Mathematics,https://www.paquinmath.org/,,
Summer Program,PROMYS (Boston University),https://promys.org/,,
Summer Program,Prove it! Math Academy,https://www.proveitmath.org/,,
Summer Program,QSYS (University of Waterloo),https://uwaterloo.ca/institute-for-quantum-computing/qsys/,,
Summer Program,Random Math,https://www.randommath.com/,,
Summer Program,Ross Mathematics Program,https://rossprogram.org/,,
Summer Program,RSI (Research Science Institute at MIT),https://www.cee.org/programs/rsi,,
Summer Program,RSM Summer School,https://www.russianschool.com/,,
Summer Program,SHAD (Canada),https://www.shad.ca/,,
Summer Program,Simons Summer Research Program (Stony Brook),https://www.stonybrook.edu/simons/,,
Summer Program,SIMUW (University of Washington),http://www.math.washington.edu/~simuw/,,
Summer Program,SPARC,http://sparc-camp.org/,,
Summer Program,SPARCS (CEMC Waterloo),https://cemc.uwaterloo.ca/events/sparcs.html/,,
Summer Program,SSP (Summer Science Program),https://summerscience.org/,,
Summer Program,Star League,https://www.starleague.us/,,
Summer Program,Stanford Pre-Collegiate Summer Institutes,http://summerinstitutes.stanford.edu/,,
Summer Program,Summer Ventures (North Carolina),https://summerventures.org/,,
Summer Program,Talaria Summer Institute,https://talariasummerinstitute.org/,,
Summer Program,Texas Mathworks (Texas State University),https://www.txst.edu/mathworks/,,
Summer Program,U of Toronto Summer Math Academy,https://mathplus.math.utoronto.ca/home/ma/,,
Summer Program,UConn Mentor Connection,http://www.gifted.uconn.edu/mentor/,,
Summer Program,Williams SMALL Math Camp,http://sites.williams.edu/mathcamp/,,
Summer Program,WTP (Women's Technology Program at MIT),https://math.mit.edu/wtp/,,
Summer Program,Young Scholars Program (UChicago),https://d3.math.uchicago.edu/,,
